"package","function","level","category","path_arg","note"
"BiocManager","install",3,"install","",""
"DBI","dbAppendTable",2,"file_write","","database write"
"DBI","dbClearResult",1,"session","",""
"DBI","dbColumnInfo",0,"read","",""
"DBI","dbConnect",1,"session","",""
"DBI","dbCreateTable",2,"file_write","","database write"
"DBI","dbDisconnect",1,"session","",""
"DBI","dbExecute",2,"file_write","","database write"
"DBI","dbExistsTable",0,"read","",""
"DBI","dbFetch",0,"read","",""
"DBI","dbGetInfo",0,"read","",""
"DBI","dbGetQuery",0,"read","",""
"DBI","dbIsValid",0,"read","",""
"DBI","dbListFields",0,"read","",""
"DBI","dbListTables",0,"read","",""
"DBI","dbReadTable",0,"read","",""
"DBI","dbRemoveTable",3,"file_delete","","database delete"
"DBI","dbSendQuery",0,"read","",""
"DBI","dbSendStatement",2,"file_write","","database write"
"DBI","dbWriteTable",2,"file_write","","database write"
"Matrix","Diagonal",0,"read","",""
"Matrix","Matrix",0,"read","",""
"Matrix","bdiag",0,"read","",""
"Matrix","colMeans",0,"read","",""
"Matrix","colSums",0,"read","",""
"Matrix","crossprod",0,"read","",""
"Matrix","drop0",0,"read","",""
"Matrix","nnzero",0,"read","",""
"Matrix","rowMeans",0,"read","",""
"Matrix","rowSums",0,"read","",""
"Matrix","sparseMatrix",0,"read","",""
"Matrix","summary",0,"read","",""
"Matrix","t",0,"read","",""
"Rcpp","cppFunction",3,"dynamic","",""
"Rcpp","evalCpp",3,"dynamic","",""
"Rcpp","sourceCpp",3,"dynamic","",""
"arrow","arrow_table",0,"read","",""
"arrow","as_arrow_table",0,"read","",""
"arrow","open_dataset",0,"read","sources",""
"arrow","read_csv_arrow",0,"read","file",""
"arrow","read_feather",0,"read","file",""
"arrow","read_ipc_file",0,"read","file",""
"arrow","read_json_arrow",0,"read","file",""
"arrow","read_parquet",0,"read","file",""
"arrow","schema",0,"read","",""
"arrow","write_csv_arrow",2,"file_write","sink",""
"arrow","write_dataset",2,"file_write","sink",""
"arrow","write_feather",2,"file_write","sink",""
"arrow","write_ipc_file",2,"file_write","sink",""
"arrow","write_parquet",2,"file_write","sink",""
"askpass","askpass",3,"interactive","",""
"aws.*","*",2,"network","","risky package"
"aws.s3","delete_bucket",3,"file_delete","",""
"aws.s3","delete_object",3,"file_delete","",""
"base","!",0,"read","",""
"base","!=",0,"read","",""
"base","$",0,"read","",""
"base","%%",0,"read","",""
"base","%*%",0,"read","",""
"base","%/%",0,"read","",""
"base","%in%",0,"read","",""
"base","%o%",0,"read","",""
"base","%x%",0,"read","",""
"base","%||%",0,"read","",""
"base","&",0,"read","",""
"base","&&",0,"read","",""
"base","*",0,"read","",""
"base","+",0,"read","",""
"base","-",0,"read","",""
"base",".C",3,"dynamic","",""
"base",".Call",3,"dynamic","",""
"base",".External",3,"dynamic","",""
"base",".External2",3,"dynamic","",""
"base",".Fortran",3,"dynamic","",""
"base",".Internal",3,"dynamic","",""
"base",".Primitive",3,"dynamic","",""
"base",".libPaths",2,"session","",""
"base","/",0,"read","",""
"base",":",0,"read","",""
"base","<",0,"read","",""
"base","<=",0,"read","",""
"base","==",0,"read","",""
"base",">",0,"read","",""
"base",">=",0,"read","",""
"base","@",0,"read","",""
"base","Arg",0,"read","",""
"base","Conj",0,"read","",""
"base","Encoding",0,"read","",""
"base","Filter",0,"read","",""
"base","Find",0,"read","",""
"base","I",0,"read","",""
"base","ISOdate",0,"read","",""
"base","ISOdatetime",0,"read","",""
"base","Im",0,"read","",""
"base","Map",0,"read","",""
"base","Mod",0,"read","",""
"base","NCOL",0,"read","",""
"base","NROW",0,"read","",""
"base","Negate",0,"read","",""
"base","OlsonNames",0,"read","",""
"base","Position",0,"read","",""
"base","R.Version",0,"read","",""
"base","R.home",0,"read","",""
"base","Re",0,"read","",""
"base","Recall",3,"dynamic","",""
"base","Reduce",0,"read","",""
"base","Sys.Date",0,"read","",""
"base","Sys.chmod",2,"file_write","...",""
"base","Sys.getenv",0,"read","",""
"base","Sys.getlocale",0,"read","",""
"base","Sys.getpid",0,"read","",""
"base","Sys.info",0,"read","",""
"base","Sys.junction",2,"file_write","to",""
"base","Sys.setFileTime",2,"file_write","...",""
"base","Sys.setLanguage",2,"session","",""
"base","Sys.setenv",2,"session","",""
"base","Sys.setlocale",2,"session","",""
"base","Sys.time",0,"read","",""
"base","Sys.timezone",0,"read","",""
"base","Sys.umask",2,"session","",""
"base","Sys.unsetenv",2,"session","",""
"base","Vectorize",0,"read","",""
"base","[",0,"read","",""
"base","[[",0,"read","",""
"base","^",0,"read","",""
"base","abbreviate",0,"read","",""
"base","abs",0,"read","",""
"base","acos",0,"read","",""
"base","acosh",0,"read","",""
"base","addNA",0,"read","",""
"base","addTaskCallback",2,"session","",""
"base","agrep",0,"read","",""
"base","agrepl",0,"read","",""
"base","alist",0,"read","",""
"base","all",0,"read","",""
"base","all.equal",0,"read","",""
"base","all.names",0,"read","",""
"base","all.vars",0,"read","",""
"base","any",0,"read","",""
"base","anyDuplicated",0,"read","",""
"base","anyNA",0,"read","",""
"base","aperm",0,"read","",""
"base","append",0,"read","",""
"base","apply",0,"read","",""
"base","args",0,"read","",""
"base","array",0,"read","",""
"base","array2DF",0,"read","",""
"base","arrayInd",0,"read","",""
"base","as.Date",0,"read","",""
"base","as.POSIXct",0,"read","",""
"base","as.call",0,"read","",""
"base","as.character",0,"read","",""
"base","as.data.frame",0,"read","",""
"base","as.double",0,"read","",""
"base","as.factor",0,"read","",""
"base","as.integer",0,"read","",""
"base","as.list",0,"read","",""
"base","as.logical",0,"read","",""
"base","as.matrix",0,"read","",""
"base","as.name",0,"read","",""
"base","as.null",0,"read","",""
"base","as.numeric",0,"read","",""
"base","as.pairlist",0,"read","",""
"base","as.symbol",0,"read","",""
"base","as.vector",0,"read","",""
"base","asin",0,"read","",""
"base","asinh",0,"read","",""
"base","asplit",0,"read","",""
"base","assign",2,"object_write","",""
"base","atan",0,"read","",""
"base","atan2",0,"read","",""
"base","atanh",0,"read","",""
"base","attach",2,"session","",""
"base","attachNamespace",1,"session","",""
"base","attr",0,"read","",""
"base","attributes",0,"read","",""
"base","backsolve",0,"read","",""
"base","baseenv",0,"read","",""
"base","basename",0,"read","",""
"base","beta",0,"read","",""
"base","bitwAnd",0,"read","",""
"base","bitwNot",0,"read","",""
"base","bitwOr",0,"read","",""
"base","bitwShiftL",0,"read","",""
"base","bitwShiftR",0,"read","",""
"base","bitwXor",0,"read","",""
"base","body",0,"read","",""
"base","body<-",2,"object_write","",""
"base","bquote",0,"read","",""
"base","browser",3,"interactive","","would block the agent on input"
"base","by",0,"read","",""
"base","bzfile",0,"read","description",""
"base","c",0,"read","",""
"base","call",0,"read","",""
"base","capabilities",0,"read","",""
"base","casefold",0,"read","",""
"base","cat",2,"file_write","file","only with file ="
"base","cbind",0,"read","",""
"base","ceiling",0,"read","",""
"base","charToRaw",0,"read","",""
"base","character",0,"read","",""
"base","charmatch",0,"read","",""
"base","chartr",0,"read","",""
"base","chol",0,"read","",""
"base","chol2inv",0,"read","",""
"base","choose",0,"read","",""
"base","class",0,"read","",""
"base","close",0,"read","",""
"base","closeAllConnections",2,"session","","closes the user's connections"
"base","col",0,"read","",""
"base","colMeans",0,"read","",""
"base","colSums",0,"read","",""
"base","colnames",0,"read","",""
"base","commandArgs",0,"read","",""
"base","comment",0,"read","",""
"base","complex",0,"read","",""
"base","conditionCall",0,"read","",""
"base","conditionMessage",0,"read","",""
"base","cos",0,"read","",""
"base","cosh",0,"read","",""
"base","cospi",0,"read","",""
"base","crossprod",0,"read","",""
"base","cummax",0,"read","",""
"base","cummin",0,"read","",""
"base","cumprod",0,"read","",""
"base","cumsum",0,"read","",""
"base","cut",0,"read","",""
"base","dQuote",0,"read","",""
"base","data.class",0,"read","",""
"base","data.frame",0,"read","",""
"base","date",0,"read","",""
"base","debug",3,"interactive","","would block the agent on input"
"base","debugonce",3,"interactive","","would block the agent on input"
"base","delayedAssign",2,"object_write","",""
"base","deparse",0,"read","",""
"base","deparse1",0,"read","",""
"base","det",0,"read","",""
"base","detach",2,"session","",""
"base","determinant",0,"read","",""
"base","diag",0,"read","",""
"base","diff",0,"read","",""
"base","difftime",0,"read","",""
"base","digamma",0,"read","",""
"base","dim",0,"read","",""
"base","dimnames",0,"read","",""
"base","dir",0,"read","path",""
"base","dir.create",2,"file_write","path",""
"base","dir.exists",0,"read","",""
"base","dirname",0,"read","",""
"base","do.call",3,"dynamic","",""
"base","double",0,"read","",""
"base","dput",2,"file_write","file",""
"base","drop",0,"read","",""
"base","droplevels",0,"read","",""
"base","dump",2,"file_write","file",""
"base","duplicated",0,"read","",""
"base","dyn.load",3,"dynamic","",""
"base","eigen",0,"read","",""
"base","emptyenv",0,"read","",""
"base","enc2native",0,"read","",""
"base","enc2utf8",0,"read","",""
"base","encodeString",0,"read","",""
"base","endsWith",0,"read","",""
"base","enquote",0,"read","",""
"base","environment",0,"read","",""
"base","environment<-",2,"object_write","",""
"base","environmentName",0,"read","",""
"base","errorCondition",0,"read","",""
"base","eval",3,"dynamic","",""
"base","eval.parent",3,"dynamic","",""
"base","evalq",3,"dynamic","",""
"base","exists",0,"read","",""
"base","exp",0,"read","",""
"base","expand.grid",0,"read","",""
"base","expm1",0,"read","",""
"base","expression",0,"read","",""
"base","factor",0,"read","",""
"base","factorial",0,"read","",""
"base","file",0,"read","description",""
"base","file.access",0,"read","",""
"base","file.append",2,"file_write","file1",""
"base","file.copy",2,"file_write","to",""
"base","file.create",2,"file_write","...",""
"base","file.exists",0,"read","...",""
"base","file.info",0,"read","...",""
"base","file.link",2,"file_write","to",""
"base","file.mtime",0,"read","...",""
"base","file.path",0,"read","",""
"base","file.remove",3,"file_delete","...",""
"base","file.rename",2,"file_write","to",""
"base","file.size",0,"read","...",""
"base","file.symlink",2,"file_write","to",""
"base","find.package",0,"read","",""
"base","findInterval",0,"read","",""
"base","floor",0,"read","",""
"base","force",0,"read","",""
"base","formals",0,"read","",""
"base","formals<-",2,"object_write","",""
"base","format",0,"read","",""
"base","formatC",0,"read","",""
"base","forwardsolve",0,"read","",""
"base","gamma",0,"read","",""
"base","get",3,"dynamic","",""
"base","get0",3,"dynamic","",""
"base","getElement",0,"read","",""
"base","getExportedValue",3,"dynamic","",""
"base","getNamespaceExports",0,"read","",""
"base","getOption",0,"read","",""
"base","getRversion",0,"read","",""
"base","gettext",0,"read","",""
"base","gettextf",0,"read","",""
"base","getwd",0,"read","",""
"base","gl",0,"read","",""
"base","globalenv",0,"read","",""
"base","gregexec",0,"read","",""
"base","gregexpr",0,"read","",""
"base","grep",0,"read","",""
"base","grepl",0,"read","",""
"base","grepv",0,"read","",""
"base","gsub",0,"read","",""
"base","gzfile",0,"read","description",""
"base","iconv",0,"read","",""
"base","identical",0,"read","",""
"base","identity",0,"read","",""
"base","ifelse",0,"read","",""
"base","inherits",0,"read","",""
"base","intToBits",0,"read","",""
"base","intToUtf8",0,"read","",""
"base","integer",0,"read","",""
"base","interaction",0,"read","",""
"base","interactive",0,"read","",""
"base","intersect",0,"read","",""
"base","invisible",0,"read","",""
"base","is.atomic",0,"read","",""
"base","is.call",0,"read","",""
"base","is.character",0,"read","",""
"base","is.data.frame",0,"read","",""
"base","is.double",0,"read","",""
"base","is.element",0,"read","",""
"base","is.environment",0,"read","",""
"base","is.expression",0,"read","",""
"base","is.factor",0,"read","",""
"base","is.finite",0,"read","",""
"base","is.function",0,"read","",""
"base","is.infinite",0,"read","",""
"base","is.list",0,"read","",""
"base","is.logical",0,"read","",""
"base","is.matrix",0,"read","",""
"base","is.na",0,"read","",""
"base","is.name",0,"read","",""
"base","is.nan",0,"read","",""
"base","is.null",0,"read","",""
"base","is.numeric",0,"read","",""
"base","is.object",0,"read","",""
"base","is.pairlist",0,"read","",""
"base","is.primitive",0,"read","",""
"base","is.recursive",0,"read","",""
"base","is.symbol",0,"read","",""
"base","is.unsorted",0,"read","",""
"base","isFALSE",0,"read","",""
"base","isNamespaceLoaded",0,"read","",""
"base","isOpen",0,"read","",""
"base","isS4",0,"read","",""
"base","isTRUE",0,"read","",""
"base","isa",0,"read","",""
"base","jitter",0,"read","",""
"base","julian",0,"read","",""
"base","kappa",0,"read","",""
"base","kronecker",0,"read","",""
"base","labels",0,"read","",""
"base","lapply",0,"read","",""
"base","lbeta",0,"read","",""
"base","lchoose",0,"read","",""
"base","length",0,"read","",""
"base","lengths",0,"read","",""
"base","levels",0,"read","",""
"base","lfactorial",0,"read","",""
"base","lgamma",0,"read","",""
"base","library",1,"session","",""
"base","library.dynam",3,"dynamic","",""
"base","list",0,"read","",""
"base","list.dirs",0,"read","path",""
"base","list.files",0,"read","path",""
"base","list2DF",0,"read","",""
"base","list2env",2,"object_write","",""
"base","load",2,"object_write","",""
"base","loadNamespace",1,"session","",""
"base","loadedNamespaces",0,"read","",""
"base","local",0,"read","",""
"base","lockBinding",2,"object_write","",""
"base","lockEnvironment",2,"object_write","",""
"base","log",0,"read","",""
"base","log10",0,"read","",""
"base","log1p",0,"read","",""
"base","log2",0,"read","",""
"base","logb",0,"read","",""
"base","logical",0,"read","",""
"base","lower.tri",0,"read","",""
"base","ls",0,"read","",""
"base","make.names",0,"read","",""
"base","make.socket",2,"network","",""
"base","make.unique",0,"read","",""
"base","makeActiveBinding",2,"object_write","",""
"base","mapply",0,"read","",""
"base","margin.table",0,"read","",""
"base","marginSums",0,"read","",""
"base","mat.or.vec",0,"read","",""
"base","match",0,"read","",""
"base","match.arg",0,"read","",""
"base","match.call",0,"read","",""
"base","match.fun",3,"dynamic","",""
"base","matrix",0,"read","",""
"base","max",0,"read","",""
"base","max.col",0,"read","",""
"base","mean",0,"read","",""
"base","merge",0,"read","",""
"base","message",0,"read","",""
"base","mget",3,"dynamic","",""
"base","min",0,"read","",""
"base","missing",0,"read","",""
"base","mode",0,"read","",""
"base","months",0,"read","",""
"base","names",0,"read","",""
"base","nargs",0,"read","",""
"base","nchar",0,"read","",""
"base","ncol",0,"read","",""
"base","new.env",0,"read","",""
"base","ngettext",0,"read","",""
"base","nlevels",0,"read","",""
"base","noquote",0,"read","",""
"base","norm",0,"read","",""
"base","normalizePath",0,"read","path",""
"base","nrow",0,"read","",""
"base","nullfile",0,"read","",""
"base","numeric",0,"read","",""
"base","numeric_version",0,"read","",""
"base","nzchar",0,"read","",""
"base","objects",0,"read","",""
"base","oldClass",0,"read","",""
"base","on.exit",0,"read","",""
"base","options",2,"session","",""
"base","order",0,"read","",""
"base","ordered",0,"read","",""
"base","outer",0,"read","",""
"base","package_version",0,"read","",""
"base","pairlist",0,"read","",""
"base","parent.env",0,"read","",""
"base","parent.frame",0,"read","",""
"base","parse",0,"read","file",""
"base","paste",0,"read","",""
"base","paste0",0,"read","",""
"base","path.expand",0,"read","",""
"base","pipe",3,"process","","literal commands are classified with risk-commands.csv"
"base","pmatch",0,"read","",""
"base","pmax",0,"read","",""
"base","pmin",0,"read","",""
"base","pretty",0,"read","",""
"base","prettyNum",0,"read","",""
"base","print",0,"read","",""
"base","proc.time",0,"read","",""
"base","prod",0,"read","",""
"base","prop.table",0,"read","",""
"base","proportions",0,"read","",""
"base","psigamma",0,"read","",""
"base","q",4,"critical","","ends the R session"
"base","qr",0,"read","",""
"base","qr.Q",0,"read","",""
"base","qr.R",0,"read","",""
"base","qr.coef",0,"read","",""
"base","qr.solve",0,"read","",""
"base","quit",4,"critical","","ends the R session"
"base","quote",0,"read","",""
"base","range",0,"read","",""
"base","rank",0,"read","",""
"base","rapply",0,"read","",""
"base","raw",0,"read","",""
"base","rawToChar",0,"read","",""
"base","rbind",0,"read","",""
"base","rcond",0,"read","",""
"base","read.dcf",0,"read","file",""
"base","readBin",0,"read","con",""
"base","readChar",0,"read","con",""
"base","readLines",0,"read","con",""
"base","readRDS",0,"read","file",""
"base","readRenviron",2,"session","",""
"base","readline",3,"interactive","","would block the agent on input"
"base","reg.finalizer",2,"session","",""
"base","regexec",0,"read","",""
"base","regexpr",0,"read","",""
"base","regmatches",0,"read","",""
"base","remove",2,"object_write","",""
"base","rep",0,"read","",""
"base","rep.int",0,"read","",""
"base","rep_len",0,"read","",""
"base","replace",0,"read","",""
"base","replicate",0,"read","",""
"base","require",1,"session","",""
"base","requireNamespace",1,"session","",""
"base","rev",0,"read","",""
"base","rle",0,"read","",""
"base","rm",2,"object_write","",""
"base","round",0,"read","",""
"base","row",0,"read","",""
"base","row.names",0,"read","",""
"base","rowMeans",0,"read","",""
"base","rowSums",0,"read","",""
"base","rownames",0,"read","",""
"base","rowsum",0,"read","",""
"base","sQuote",0,"read","",""
"base","sample",0,"read","",""
"base","sample.int",0,"read","",""
"base","sapply",0,"read","",""
"base","save",2,"file_write","file",""
"base","save.image",2,"file_write","file",""
"base","saveRDS",2,"file_write","file",""
"base","scale",0,"read","",""
"base","scan",0,"read","file",""
"base","search",0,"read","",""
"base","seq",0,"read","",""
"base","seq.int",0,"read","",""
"base","seq_along",0,"read","",""
"base","seq_len",0,"read","",""
"base","sequence",0,"read","",""
"base","set.seed",1,"session","",""
"base","setHook",4,"control","","hooks run code at package and session events"
"base","setSessionTimeLimit",1,"session","",""
"base","setTimeLimit",1,"session","",""
"base","setdiff",0,"read","",""
"base","setequal",0,"read","",""
"base","setwd",2,"session","",""
"base","shQuote",0,"read","",""
"base","shell",3,"process","","literal commands are classified with risk-commands.csv"
"base","shell.exec",3,"process","","literal commands are classified with risk-commands.csv"
"base","sign",0,"read","",""
"base","signif",0,"read","",""
"base","simpleCondition",0,"read","",""
"base","simpleError",0,"read","",""
"base","simpleMessage",0,"read","",""
"base","simpleWarning",0,"read","",""
"base","simplify2array",0,"read","",""
"base","sin",0,"read","",""
"base","sinh",0,"read","",""
"base","sink",2,"file_write","file",""
"base","sinpi",0,"read","",""
"base","slice.index",0,"read","",""
"base","socketAccept",2,"network","",""
"base","socketConnection",2,"network","",""
"base","solve",0,"read","",""
"base","sort",0,"read","",""
"base","sort.int",0,"read","",""
"base","sort_by",0,"read","",""
"base","source",3,"dynamic","",""
"base","split",0,"read","",""
"base","sprintf",0,"read","",""
"base","sqrt",0,"read","",""
"base","startsWith",0,"read","",""
"base","stderr",0,"read","",""
"base","stdout",0,"read","",""
"base","stop",0,"read","",""
"base","stopifnot",0,"read","",""
"base","storage.mode",0,"read","",""
"base","str2expression",0,"read","",""
"base","str2lang",0,"read","",""
"base","strftime",0,"read","",""
"base","strptime",0,"read","",""
"base","strrep",0,"read","",""
"base","strsplit",0,"read","",""
"base","strtoi",0,"read","",""
"base","strtrim",0,"read","",""
"base","structure",0,"read","",""
"base","strwrap",0,"read","",""
"base","sub",0,"read","",""
"base","subset",0,"read","",""
"base","substitute",0,"read","",""
"base","substr",0,"read","",""
"base","substring",0,"read","",""
"base","sum",0,"read","",""
"base","summary",0,"read","",""
"base","suppressMessages",0,"read","",""
"base","suppressPackageStartupMessages",1,"session","",""
"base","suppressWarnings",0,"read","",""
"base","svd",0,"read","",""
"base","sweep",0,"read","",""
"base","sys.call",0,"read","",""
"base","sys.function",0,"read","",""
"base","sys.source",3,"dynamic","",""
"base","system",3,"process","","literal commands are classified with risk-commands.csv"
"base","system.file",0,"read","",""
"base","system.time",0,"read","",""
"base","system2",3,"process","","literal commands are classified with risk-commands.csv"
"base","t",0,"read","",""
"base","table",0,"read","",""
"base","tabulate",0,"read","",""
"base","tan",0,"read","",""
"base","tanh",0,"read","",""
"base","tanpi",0,"read","",""
"base","tapply",0,"read","",""
"base","tcrossprod",0,"read","",""
"base","tempdir",0,"read","",""
"base","tempfile",0,"read","",""
"base","toString",0,"read","",""
"base","tolower",0,"read","",""
"base","topenv",0,"read","",""
"base","toupper",0,"read","",""
"base","trace",2,"session","",""
"base","traceback",0,"read","",""
"base","transform",0,"read","",""
"base","trigamma",0,"read","",""
"base","trimws",0,"read","",""
"base","trunc",0,"read","",""
"base","truncate",2,"file_write","con","cuts an open file"
"base","try",0,"read","",""
"base","tryCatch",0,"read","",""
"base","typeof",0,"read","",""
"base","unclass",0,"read","",""
"base","union",0,"read","",""
"base","unique",0,"read","",""
"base","unlink",3,"file_delete","x",""
"base","unlist",0,"read","",""
"base","unloadNamespace",2,"session","",""
"base","unlockBinding",3,"object_write","",""
"base","unname",0,"read","",""
"base","unsplit",0,"read","",""
"base","untrace",2,"session","",""
"base","upper.tri",0,"read","",""
"base","url",2,"network","",""
"base","utf8ToInt",0,"read","",""
"base","validUTF8",0,"read","",""
"base","vapply",0,"read","",""
"base","vector",0,"read","",""
"base","warning",0,"read","",""
"base","warningCondition",0,"read","",""
"base","warnings",0,"read","",""
"base","weekdays",0,"read","",""
"base","which",0,"read","",""
"base","which.max",0,"read","",""
"base","which.min",0,"read","",""
"base","with",0,"read","",""
"base","withCallingHandlers",0,"read","",""
"base","withVisible",0,"read","",""
"base","within",0,"read","",""
"base","write",2,"file_write","file",""
"base","write.dcf",2,"file_write","file",""
"base","writeBin",2,"file_write","con",""
"base","writeChar",2,"file_write","con",""
"base","writeLines",2,"file_write","con",""
"base","xor",0,"read","",""
"base","xtfrm",0,"read","",""
"base","xzfile",0,"read","description",""
"base","zapsmall",0,"read","",""
"base","|",0,"read","",""
"base","||",0,"read","",""
"base","~",0,"read","",""
"broom","augment",0,"read","",""
"broom","glance",0,"read","",""
"broom","tidy",0,"read","",""
"callr","r",3,"process","",""
"callr","r_bg",3,"process","",""
"callr","r_session",3,"process","",""
"callr","r_vanilla",3,"process","",""
"callr","rcmd",3,"process","",""
"callr","rcmd_bg",3,"process","",""
"callr","rscript",3,"process","",""
"curl","curl",2,"network","",""
"curl","curl_download",2,"network","",""
"curl","curl_fetch_disk",2,"network","",""
"curl","curl_fetch_memory",2,"network","",""
"curl","curl_fetch_stream",2,"network","",""
"curl","curl_upload",3,"network","","sends data"
"curl","multi_run",2,"network","",""
"data.table","%between%",0,"read","",""
"data.table","%chin%",0,"read","",""
"data.table","%like%",0,"read","",""
"data.table",":=",2,"object_write","","by reference"
"data.table","CJ",0,"read","",""
"data.table","SJ",0,"read","",""
"data.table","alloc.col",2,"object_write","","by reference"
"data.table","as.IDate",0,"read","",""
"data.table","as.data.table",0,"read","",""
"data.table","between",0,"read","",""
"data.table","chmatch",0,"read","",""
"data.table","copy",0,"read","",""
"data.table","cube",0,"read","",""
"data.table","data.table",0,"read","",""
"data.table","dcast",0,"read","",""
"data.table","fcase",0,"read","",""
"data.table","fifelse",0,"read","",""
"data.table","fintersect",0,"read","",""
"data.table","first",0,"read","",""
"data.table","forder",0,"read","",""
"data.table","foverlaps",0,"read","",""
"data.table","fread",0,"read","input",""
"data.table","frollmean",0,"read","",""
"data.table","frollsum",0,"read","",""
"data.table","fsetdiff",0,"read","",""
"data.table","fsetequal",0,"read","",""
"data.table","fsort",0,"read","",""
"data.table","funion",0,"read","",""
"data.table","fwrite",2,"file_write","file",""
"data.table","groupingsets",0,"read","",""
"data.table","haskey",0,"read","",""
"data.table","indices",0,"read","",""
"data.table","is.data.table",0,"read","",""
"data.table","key",0,"read","",""
"data.table","last",0,"read","",""
"data.table","like",0,"read","",""
"data.table","mday",0,"read","",""
"data.table","melt",0,"read","",""
"data.table","month",0,"read","",""
"data.table","nafill",0,"read","",""
"data.table","quarter",0,"read","",""
"data.table","rbindlist",0,"read","",""
"data.table","rleid",0,"read","",""
"data.table","rollup",0,"read","",""
"data.table","rowid",0,"read","",""
"data.table","set",2,"object_write","","by reference"
"data.table","setDF",2,"object_write","","by reference"
"data.table","setDT",2,"object_write","","by reference"
"data.table","setattr",2,"object_write","","by reference"
"data.table","setcolorder",2,"object_write","","by reference"
"data.table","setindex",2,"object_write","","by reference"
"data.table","setindexv",2,"object_write","","by reference"
"data.table","setkey",2,"object_write","","by reference"
"data.table","setkeyv",2,"object_write","","by reference"
"data.table","setlevels",2,"object_write","","by reference"
"data.table","setnames",2,"object_write","","by reference"
"data.table","setorder",2,"object_write","","by reference"
"data.table","setorderv",2,"object_write","","by reference"
"data.table","shift",0,"read","",""
"data.table","tables",0,"read","",""
"data.table","transpose",0,"read","",""
"data.table","tstrsplit",0,"read","",""
"data.table","uniqueN",0,"read","",""
"data.table","wday",0,"read","",""
"data.table","week",0,"read","",""
"data.table","yday",0,"read","",""
"data.table","year",0,"read","",""
"devtools","*",2,"file_write","","risky package"
"devtools","install",3,"install","",""
"devtools","install_dev",3,"install","",""
"devtools","install_github",3,"install","",""
"devtools","install_local",3,"install","",""
"devtools","uninstall",3,"install","",""
"dplyr","across",0,"read","",""
"dplyr","add_count",0,"read","",""
"dplyr","all_of",0,"read","",""
"dplyr","anti_join",0,"read","",""
"dplyr","any_of",0,"read","",""
"dplyr","arrange",0,"read","",""
"dplyr","as_tibble",0,"read","",""
"dplyr","between",0,"read","",""
"dplyr","bind_cols",0,"read","",""
"dplyr","bind_rows",0,"read","",""
"dplyr","case_match",0,"read","",""
"dplyr","case_when",0,"read","",""
"dplyr","coalesce",0,"read","",""
"dplyr","collect",0,"read","",""
"dplyr","contains",0,"read","",""
"dplyr","count",0,"read","",""
"dplyr","cumall",0,"read","",""
"dplyr","cumany",0,"read","",""
"dplyr","cume_dist",0,"read","",""
"dplyr","cummean",0,"read","",""
"dplyr","cur_group",0,"read","",""
"dplyr","cur_group_id",0,"read","",""
"dplyr","dense_rank",0,"read","",""
"dplyr","desc",0,"read","",""
"dplyr","distinct",0,"read","",""
"dplyr","ends_with",0,"read","",""
"dplyr","everything",0,"read","",""
"dplyr","filter",0,"read","",""
"dplyr","first",0,"read","",""
"dplyr","full_join",0,"read","",""
"dplyr","glimpse",0,"read","",""
"dplyr","group_by",0,"read","",""
"dplyr","group_keys",0,"read","",""
"dplyr","group_split",0,"read","",""
"dplyr","if_all",0,"read","",""
"dplyr","if_any",0,"read","",""
"dplyr","if_else",0,"read","",""
"dplyr","inner_join",0,"read","",""
"dplyr","lag",0,"read","",""
"dplyr","last",0,"read","",""
"dplyr","lead",0,"read","",""
"dplyr","left_join",0,"read","",""
"dplyr","matches",0,"read","",""
"dplyr","min_rank",0,"read","",""
"dplyr","mutate",0,"read","",""
"dplyr","n",0,"read","",""
"dplyr","n_distinct",0,"read","",""
"dplyr","na_if",0,"read","",""
"dplyr","nest_join",0,"read","",""
"dplyr","nth",0,"read","",""
"dplyr","ntile",0,"read","",""
"dplyr","percent_rank",0,"read","",""
"dplyr","pick",0,"read","",""
"dplyr","pull",0,"read","",""
"dplyr","reframe",0,"read","",""
"dplyr","relocate",0,"read","",""
"dplyr","rename",0,"read","",""
"dplyr","rename_with",0,"read","",""
"dplyr","right_join",0,"read","",""
"dplyr","row_number",0,"read","",""
"dplyr","rowwise",0,"read","",""
"dplyr","sample_frac",0,"read","",""
"dplyr","sample_n",0,"read","",""
"dplyr","select",0,"read","",""
"dplyr","semi_join",0,"read","",""
"dplyr","show_query",0,"read","",""
"dplyr","slice",0,"read","",""
"dplyr","slice_head",0,"read","",""
"dplyr","slice_max",0,"read","",""
"dplyr","slice_min",0,"read","",""
"dplyr","slice_sample",0,"read","",""
"dplyr","slice_tail",0,"read","",""
"dplyr","starts_with",0,"read","",""
"dplyr","summarise",0,"read","",""
"dplyr","summarize",0,"read","",""
"dplyr","tally",0,"read","",""
"dplyr","tbl",0,"read","",""
"dplyr","tibble",0,"read","",""
"dplyr","top_n",0,"read","",""
"dplyr","transmute",0,"read","",""
"dplyr","ungroup",0,"read","",""
"dplyr","where",0,"read","",""
"forcats","as_factor",0,"read","",""
"forcats","fct_collapse",0,"read","",""
"forcats","fct_count",0,"read","",""
"forcats","fct_infreq",0,"read","",""
"forcats","fct_lump",0,"read","",""
"forcats","fct_recode",0,"read","",""
"forcats","fct_relevel",0,"read","",""
"forcats","fct_reorder",0,"read","",""
"forcats","fct_rev",0,"read","",""
"fs","*",2,"file_write","","risky package"
"fs","dir_copy",2,"file_write","path",""
"fs","dir_create",2,"file_write","path",""
"fs","dir_delete",3,"file_delete","path",""
"fs","dir_exists",0,"read","path",""
"fs","dir_info",0,"read","path",""
"fs","dir_ls",0,"read","path",""
"fs","dir_tree",0,"read","path",""
"fs","file_chmod",2,"file_write","path",""
"fs","file_copy",2,"file_write","path",""
"fs","file_create",2,"file_write","path",""
"fs","file_delete",3,"file_delete","path",""
"fs","file_exists",0,"read","path",""
"fs","file_info",0,"read","path",""
"fs","file_move",2,"file_write","path",""
"fs","file_size",0,"read","path",""
"fs","file_touch",2,"file_write","path",""
"fs","is_dir",0,"read","path",""
"fs","is_file",0,"read","path",""
"fs","link_create",2,"file_write","path",""
"fs","link_delete",3,"file_delete","path",""
"fs","path",0,"read","",""
"fs","path_abs",0,"read","",""
"fs","path_dir",0,"read","",""
"fs","path_ext",0,"read","",""
"fs","path_ext_remove",0,"read","",""
"fs","path_file",0,"read","",""
"fs","path_home",0,"read","",""
"fs","path_join",0,"read","",""
"fs","path_norm",0,"read","",""
"fs","path_rel",0,"read","",""
"fs","path_split",0,"read","",""
"gert","*",2,"file_write","","risky package"
"gert","git_branch",0,"read","",""
"gert","git_branch_delete",3,"file_delete","",""
"gert","git_branch_list",0,"read","",""
"gert","git_diff",0,"read","",""
"gert","git_info",0,"read","",""
"gert","git_log",0,"read","",""
"gert","git_push",3,"network","",""
"gert","git_reset_hard",3,"file_delete","",""
"gert","git_rm",3,"file_delete","",""
"gert","git_status",0,"read","",""
"getPass","getPass",3,"interactive","",""
"ggplot2","aes",0,"read","",""
"ggplot2","aes_string",0,"read","",""
"ggplot2","after_scale",0,"read","",""
"ggplot2","after_stat",0,"read","",""
"ggplot2","annotate",0,"read","",""
"ggplot2","coord_*",0,"read","",""
"ggplot2","cut_interval",0,"read","",""
"ggplot2","cut_number",0,"read","",""
"ggplot2","cut_width",0,"read","",""
"ggplot2","element_*",0,"read","",""
"ggplot2","expansion",0,"read","",""
"ggplot2","facet_*",0,"read","",""
"ggplot2","geom_*",0,"read","",""
"ggplot2","ggplot",0,"read","",""
"ggplot2","ggplot_build",0,"read","",""
"ggplot2","ggsave",2,"file_write","filename",""
"ggplot2","ggtitle",0,"read","",""
"ggplot2","guide_*",0,"read","",""
"ggplot2","guides",0,"read","",""
"ggplot2","label_both",0,"read","",""
"ggplot2","label_value",0,"read","",""
"ggplot2","labeller",0,"read","",""
"ggplot2","labs",0,"read","",""
"ggplot2","last_plot",0,"read","",""
"ggplot2","layer_data",0,"read","",""
"ggplot2","lims",0,"read","",""
"ggplot2","margin",0,"read","",""
"ggplot2","mean_cl_normal",0,"read","",""
"ggplot2","mean_se",0,"read","",""
"ggplot2","position_*",0,"read","",""
"ggplot2","qplot",0,"read","",""
"ggplot2","scale_*",0,"read","",""
"ggplot2","stat_*",0,"read","",""
"ggplot2","theme*",0,"read","",""
"ggplot2","theme_replace",1,"session","","changes the current ggplot2 theme"
"ggplot2","theme_set",1,"session","","changes the current ggplot2 theme"
"ggplot2","theme_update",1,"session","","changes the current ggplot2 theme"
"ggplot2","unit",0,"read","",""
"ggplot2","vars",0,"read","",""
"ggplot2","xlab",0,"read","",""
"ggplot2","xlim",0,"read","",""
"ggplot2","ylab",0,"read","",""
"ggplot2","ylim",0,"read","",""
"gh","*",2,"network","","risky package"
"git2r","*",2,"file_write","","risky package"
"git2r","push",3,"network","",""
"git2r","reset",3,"file_delete","",""
"git2r","rm_file",3,"file_delete","",""
"googledrive","*",2,"network","","risky package"
"googledrive","drive_empty_trash",3,"file_delete","",""
"googledrive","drive_rm",3,"file_delete","",""
"googledrive","drive_trash",3,"file_delete","",""
"gptr","gptr_adapter",0,"read","",""
"gptr","gptr_agent",0,"read","",""
"gptr","gptr_agents",0,"read","",""
"gptr","gptr_api",0,"read","",""
"gptr","gptr_artifacts",0,"read","",""
"gptr","gptr_backend",0,"read","",""
"gptr","gptr_blocks",0,"read","",""
"gptr","gptr_cache",0,"read","","control only with action prune or clear, or dry_run = FALSE"
"gptr","gptr_cancel",4,"control","","changes gptr's configuration or another session"
"gptr","gptr_check",0,"read","",""
"gptr","gptr_checkpoints",0,"read","",""
"gptr","gptr_command",0,"read","",""
"gptr","gptr_config",4,"control","","changes gptr's configuration or another session"
"gptr","gptr_context_block",0,"read","",""
"gptr","gptr_describe",0,"read","",""
"gptr","gptr_doc",4,"control","","changes gptr's configuration or another session"
"gptr","gptr_env",4,"control","","changes gptr's configuration or another session"
"gptr","gptr_fake_provider",0,"read","",""
"gptr","gptr_fork",4,"control","","changes gptr's configuration or another session"
"gptr","gptr_hook",0,"read","",""
"gptr","gptr_init",4,"control","","changes gptr's configuration or another session"
"gptr","gptr_jobs",0,"read","",""
"gptr","gptr_last",0,"read","",""
"gptr","gptr_login",4,"control","","changes gptr's configuration or another session"
"gptr","gptr_logout",4,"control","","changes gptr's configuration or another session"
"gptr","gptr_mcp",0,"read","",""
"gptr","gptr_mcp_add",4,"control","","changes gptr's configuration or another session"
"gptr","gptr_mcp_remove",4,"control","","changes gptr's configuration or another session"
"gptr","gptr_mcp_serve",4,"control","","changes gptr's configuration or another session"
"gptr","gptr_models",0,"read","",""
"gptr","gptr_on",4,"control","","changes gptr's configuration or another session"
"gptr","gptr_parallel",1,"network","","sub-agents; their tools are gated in the inherited mode"
"gptr","gptr_permissions",4,"control","","changes gptr's configuration or another session"
"gptr","gptr_plugins",0,"read","",""
"gptr","gptr_policy",0,"read","",""
"gptr","gptr_preimage",0,"read","",""
"gptr","gptr_prob",0,"read","",""
"gptr","gptr_prompt",0,"read","",""
"gptr","gptr_prompt_section",0,"read","",""
"gptr","gptr_provider",0,"read","",""
"gptr","gptr_providers",0,"read","",""
"gptr","gptr_redact",0,"read","",""
"gptr","gptr_register",4,"control","","changes gptr's configuration or another session"
"gptr","gptr_registry",0,"read","",""
"gptr","gptr_reload",4,"control","","changes gptr's configuration or another session"
"gptr","gptr_resume",4,"control","","changes gptr's configuration or another session"
"gptr","gptr_return",0,"read","",""
"gptr","gptr_rewind",4,"control","","changes gptr's configuration or another session"
"gptr","gptr_risk",0,"read","",""
"gptr","gptr_router",0,"read","",""
"gptr","gptr_scrub",0,"read","","control only with action prune or clear, or dry_run = FALSE"
"gptr","gptr_sessions",0,"read","",""
"gptr","gptr_skills",0,"read","",""
"gptr","gptr_source",3,"dynamic","","sources a document"
"gptr","gptr_spec",0,"read","",""
"gptr","gptr_steer",4,"control","","changes gptr's configuration or another session"
"gptr","gptr_tool",0,"read","",""
"gptr","gptr_tool_result",0,"read","",""
"gptr","gptr_trust",4,"control","","changes gptr's configuration or another session"
"gptr","gptr_usage",0,"read","",""
"gptr","peter",1,"network","","sub-agents; their tools are gated in the inherited mode"
"grDevices","adjustcolor",0,"read","",""
"grDevices","axisTicks",0,"read","",""
"grDevices","bitmap",2,"file_write","file",""
"grDevices","bmp",2,"file_write","filename",""
"grDevices","boxplot.stats",0,"read","",""
"grDevices","cairo_pdf",2,"file_write","filename",""
"grDevices","cairo_ps",2,"file_write","filename",""
"grDevices","chull",0,"read","",""
"grDevices","cm.colors",0,"read","",""
"grDevices","col2rgb",0,"read","",""
"grDevices","colorRamp",0,"read","",""
"grDevices","colorRampPalette",0,"read","",""
"grDevices","colors",0,"read","",""
"grDevices","colours",0,"read","",""
"grDevices","contourLines",0,"read","",""
"grDevices","dev.capabilities",0,"read","",""
"grDevices","dev.copy2eps",2,"file_write","","copies the current plot to a file"
"grDevices","dev.copy2pdf",2,"file_write","","copies the current plot to a file"
"grDevices","dev.cur",0,"read","",""
"grDevices","dev.list",0,"read","",""
"grDevices","dev.new",1,"session","",""
"grDevices","dev.off",1,"session","",""
"grDevices","dev.print",2,"file_write","","copies the current plot to a file"
"grDevices","dev.set",1,"session","",""
"grDevices","dev.size",0,"read","",""
"grDevices","extendrange",0,"read","",""
"grDevices","graphics.off",1,"session","",""
"grDevices","gray",0,"read","",""
"grDevices","grey",0,"read","",""
"grDevices","hcl",0,"read","",""
"grDevices","hcl.colors",0,"read","",""
"grDevices","heat.colors",0,"read","",""
"grDevices","hsv",0,"read","",""
"grDevices","jpeg",2,"file_write","filename",""
"grDevices","n2mfrow",0,"read","",""
"grDevices","palette",1,"session","",""
"grDevices","pdf",2,"file_write","file",""
"grDevices","png",2,"file_write","filename",""
"grDevices","postscript",2,"file_write","file",""
"grDevices","rainbow",0,"read","",""
"grDevices","rgb",0,"read","",""
"grDevices","rgb2hsv",0,"read","",""
"grDevices","savePlot",2,"file_write","filename",""
"grDevices","svg",2,"file_write","filename",""
"grDevices","terrain.colors",0,"read","",""
"grDevices","tiff",2,"file_write","filename",""
"grDevices","topo.colors",0,"read","",""
"grDevices","xy.coords",0,"read","",""
"graphics","abline",0,"read","",""
"graphics","arrows",0,"read","",""
"graphics","axis",0,"read","",""
"graphics","barplot",0,"read","",""
"graphics","box",0,"read","",""
"graphics","boxplot",0,"read","",""
"graphics","bxp",0,"read","",""
"graphics","contour",0,"read","",""
"graphics","coplot",0,"read","",""
"graphics","curve",0,"read","",""
"graphics","dotchart",0,"read","",""
"graphics","filled.contour",0,"read","",""
"graphics","grid",0,"read","",""
"graphics","hist",0,"read","",""
"graphics","identify",3,"interactive","","would block the agent on input"
"graphics","image",0,"read","",""
"graphics","layout",1,"session","",""
"graphics","legend",0,"read","",""
"graphics","lines",0,"read","",""
"graphics","locator",3,"interactive","","would block the agent on input"
"graphics","matplot",0,"read","",""
"graphics","mosaicplot",0,"read","",""
"graphics","mtext",0,"read","",""
"graphics","pairs",0,"read","",""
"graphics","par",1,"session","",""
"graphics","persp",0,"read","",""
"graphics","pie",0,"read","",""
"graphics","plot",0,"read","",""
"graphics","plot.new",0,"read","",""
"graphics","plot.window",0,"read","",""
"graphics","points",0,"read","",""
"graphics","polygon",0,"read","",""
"graphics","rect",0,"read","",""
"graphics","rug",0,"read","",""
"graphics","segments",0,"read","",""
"graphics","smoothScatter",0,"read","",""
"graphics","strheight",0,"read","",""
"graphics","stripchart",0,"read","",""
"graphics","strwidth",0,"read","",""
"graphics","sunflowerplot",0,"read","",""
"graphics","symbols",0,"read","",""
"graphics","text",0,"read","",""
"graphics","title",0,"read","",""
"httr","DELETE",3,"network","","sends data"
"httr","GET",2,"network","",""
"httr","HEAD",2,"network","",""
"httr","PATCH",3,"network","","sends data"
"httr","POST",3,"network","","sends data"
"httr","PUT",3,"network","","sends data"
"httr","VERB",3,"network","","sends data"
"httr2","req_body_file",3,"network","","sends data"
"httr2","req_body_form",3,"network","","sends data"
"httr2","req_body_json",3,"network","","sends data"
"httr2","req_body_multipart",3,"network","","sends data"
"httr2","req_body_raw",3,"network","","sends data"
"httr2","req_perform",2,"network","",""
"httr2","req_perform_connection",2,"network","",""
"httr2","req_perform_parallel",2,"network","",""
"httr2","req_perform_promise",2,"network","",""
"httr2","req_perform_sequential",2,"network","",""
"httr2","req_perform_stream",2,"network","",""
"jsonlite","base64_dec",0,"read","",""
"jsonlite","base64_enc",0,"read","",""
"jsonlite","flatten",0,"read","",""
"jsonlite","fromJSON",0,"read","txt",""
"jsonlite","minify",0,"read","",""
"jsonlite","parse_json",0,"read","",""
"jsonlite","prettify",0,"read","",""
"jsonlite","read_json",0,"read","path",""
"jsonlite","serializeJSON",0,"read","",""
"jsonlite","toJSON",0,"read","",""
"jsonlite","unbox",0,"read","",""
"jsonlite","unserializeJSON",0,"read","",""
"jsonlite","validate",0,"read","",""
"jsonlite","write_json",2,"file_write","path",""
"keyring","key_delete",3,"secret","",""
"keyring","key_get",2,"secret","",""
"keyring","key_get_raw",2,"secret","",""
"keyring","key_list",2,"secret","",""
"keyring","key_set",3,"secret","",""
"keyring","key_set_with_value",3,"secret","",""
"knitr","knit",3,"file_write","","runs chunks and writes output"
"knitr","purl",3,"file_write","","runs chunks and writes output"
"lubridate","as_date",0,"read","",""
"lubridate","as_datetime",0,"read","",""
"lubridate","ceiling_date",0,"read","",""
"lubridate","day",0,"read","",""
"lubridate","dmy",0,"read","",""
"lubridate","duration",0,"read","",""
"lubridate","floor_date",0,"read","",""
"lubridate","hour",0,"read","",""
"lubridate","interval",0,"read","",""
"lubridate","mdy",0,"read","",""
"lubridate","minute",0,"read","",""
"lubridate","month",0,"read","",""
"lubridate","now",0,"read","",""
"lubridate","period",0,"read","",""
"lubridate","round_date",0,"read","",""
"lubridate","second",0,"read","",""
"lubridate","today",0,"read","",""
"lubridate","wday",0,"read","",""
"lubridate","year",0,"read","",""
"lubridate","ymd",0,"read","",""
"lubridate","ymd_hms",0,"read","",""
"magrittr","%>%",0,"read","","read as the call it makes"
"methods","as",0,"read","",""
"methods","callNextMethod",0,"read","",""
"methods","canCoerce",0,"read","",""
"methods","existsMethod",0,"read","",""
"methods","extends",0,"read","",""
"methods","getClass",0,"read","",""
"methods","getGenerics",0,"read","",""
"methods","getMethod",0,"read","",""
"methods","hasMethod",0,"read","",""
"methods","is",0,"read","",""
"methods","isVirtualClass",0,"read","",""
"methods","new",0,"read","",""
"methods","selectMethod",0,"read","",""
"methods","show",0,"read","",""
"methods","showMethods",0,"read","",""
"methods","slot",0,"read","",""
"methods","slotNames",0,"read","",""
"methods","validObject",0,"read","",""
"openxlsx","write.xlsx",2,"file_write","file",""
"pak","*",2,"install","","risky package"
"pak","local_install",3,"install","",""
"pak","pak",3,"install","",""
"pak","pkg_install",3,"install","",""
"pak","pkg_remove",3,"install","",""
"parallel","makeCluster",2,"process","",""
"parallel","makeForkCluster",2,"process","",""
"parallel","makePSOCKcluster",2,"process","",""
"parallel","mclapply",2,"process","",""
"parallel","mcparallel",2,"process","",""
"paws.*","*",2,"network","","risky package"
"pins","*",2,"file_write","","risky package"
"pins","board_folder",0,"read","",""
"pins","board_local",0,"read","",""
"pins","pin_delete",3,"file_delete","",""
"pins","pin_list",0,"read","",""
"pins","pin_meta",0,"read","",""
"pins","pin_read",0,"read","",""
"pins","pin_search",0,"read","",""
"processx","process",3,"process","",""
"processx","run",3,"process","",""
"purrr","accumulate",0,"read","",""
"purrr","compact",0,"read","",""
"purrr","compose",0,"read","",""
"purrr","detect",0,"read","",""
"purrr","discard",0,"read","",""
"purrr","every",0,"read","",""
"purrr","flatten",0,"read","",""
"purrr","imap",0,"read","",""
"purrr","invoke",3,"dynamic","",""
"purrr","iwalk",0,"read","",""
"purrr","keep",0,"read","",""
"purrr","list_cbind",0,"read","",""
"purrr","list_flatten",0,"read","",""
"purrr","list_rbind",0,"read","",""
"purrr","map",0,"read","",""
"purrr","map2",0,"read","",""
"purrr","map2_chr",0,"read","",""
"purrr","map2_dbl",0,"read","",""
"purrr","map_at",0,"read","",""
"purrr","map_chr",0,"read","",""
"purrr","map_dbl",0,"read","",""
"purrr","map_df",0,"read","",""
"purrr","map_dfc",0,"read","",""
"purrr","map_dfr",0,"read","",""
"purrr","map_if",0,"read","",""
"purrr","map_int",0,"read","",""
"purrr","map_lgl",0,"read","",""
"purrr","modify",0,"read","",""
"purrr","partial",0,"read","",""
"purrr","pluck",0,"read","",""
"purrr","pmap",0,"read","",""
"purrr","pmap_chr",0,"read","",""
"purrr","possibly",0,"read","",""
"purrr","pwalk",0,"read","",""
"purrr","quietly",0,"read","",""
"purrr","reduce",0,"read","",""
"purrr","safely",0,"read","",""
"purrr","set_names",0,"read","",""
"purrr","some",0,"read","",""
"purrr","transpose",0,"read","",""
"purrr","walk",0,"read","",""
"purrr","walk2",0,"read","",""
"qs","qsave",2,"file_write","file",""
"qs2","qs_save",2,"file_write","file",""
"readr","col_character",0,"read","",""
"readr","col_date",0,"read","",""
"readr","col_double",0,"read","",""
"readr","col_integer",0,"read","",""
"readr","cols",0,"read","",""
"readr","parse_date",0,"read","",""
"readr","parse_double",0,"read","",""
"readr","parse_integer",0,"read","",""
"readr","parse_number",0,"read","",""
"readr","problems",0,"read","",""
"readr","read_csv",0,"read","file",""
"readr","read_csv2",0,"read","file",""
"readr","read_delim",0,"read","file",""
"readr","read_file",0,"read","file",""
"readr","read_fwf",0,"read","file",""
"readr","read_lines",0,"read","file",""
"readr","read_rds",0,"read","file",""
"readr","read_table",0,"read","file",""
"readr","read_tsv",0,"read","file",""
"readr","spec",0,"read","",""
"readr","type_convert",0,"read","",""
"readr","write_csv",2,"file_write","file",""
"readr","write_delim",2,"file_write","file",""
"readr","write_file",2,"file_write","file",""
"readr","write_lines",2,"file_write","file",""
"readr","write_rds",2,"file_write","file",""
"readr","write_tsv",2,"file_write","file",""
"remotes","*",2,"install","","risky package"
"remotes","install_cran",3,"install","",""
"remotes","install_git",3,"install","",""
"remotes","install_github",3,"install","",""
"remotes","install_local",3,"install","",""
"remotes","install_url",3,"install","",""
"remotes","install_version",3,"install","",""
"renv","*",2,"install","","risky package"
"renv","clean",3,"install","",""
"renv","dependencies",0,"read","",""
"renv","diagnostics",0,"read","",""
"renv","install",3,"install","",""
"renv","paths",0,"read","",""
"renv","remove",3,"install","",""
"renv","restore",3,"install","",""
"renv","status",0,"read","",""
"renv","update",3,"install","",""
"reticulate","py_eval",3,"dynamic","",""
"reticulate","py_run_file",3,"dynamic","",""
"reticulate","py_run_string",3,"dynamic","",""
"reticulate","source_python",3,"dynamic","",""
"rlang","caller_env",0,"read","",""
"rlang","current_env",0,"read","",""
"rlang","enquo",0,"read","",""
"rlang","enquos",0,"read","",""
"rlang","ensym",0,"read","",""
"rlang","env_names",0,"read","",""
"rlang","eval_bare",3,"dynamic","",""
"rlang","eval_tidy",3,"dynamic","",""
"rlang","exec",3,"dynamic","",""
"rlang","expr",0,"read","",""
"rlang","exprs",0,"read","",""
"rlang","hash",0,"read","",""
"rlang","inject",3,"dynamic","",""
"rlang","invoke",3,"dynamic","",""
"rlang","is_empty",0,"read","",""
"rlang","is_installed",0,"read","",""
"rlang","is_null",0,"read","",""
"rlang","obj_address",0,"read","",""
"rlang","quo",0,"read","",""
"rlang","quos",0,"read","",""
"rlang","set_names",0,"read","",""
"rlang","sym",0,"read","",""
"rlang","syms",0,"read","",""
"rmarkdown","render",3,"file_write","","runs the document and writes output"
"stats","AIC",0,"read","",""
"stats","BIC",0,"read","",""
"stats","Box.test",0,"read","",""
"stats","Gamma",0,"read","",""
"stats","HoltWinters",0,"read","",""
"stats","IQR",0,"read","",""
"stats","TukeyHSD",0,"read","",""
"stats","acf",0,"read","",""
"stats","add1",0,"read","",""
"stats","addmargins",0,"read","",""
"stats","aggregate",0,"read","",""
"stats","alias",0,"read","",""
"stats","anova",0,"read","",""
"stats","ansari.test",0,"read","",""
"stats","aov",0,"read","",""
"stats","approx",0,"read","",""
"stats","approxfun",0,"read","",""
"stats","ar",0,"read","",""
"stats","arima",0,"read","",""
"stats","as.formula",0,"read","",""
"stats","ave",0,"read","",""
"stats","bartlett.test",0,"read","",""
"stats","binom.test",0,"read","",""
"stats","binomial",0,"read","",""
"stats","biplot",0,"read","",""
"stats","bw.SJ",0,"read","",""
"stats","bw.nrd",0,"read","",""
"stats","bw.nrd0",0,"read","",""
"stats","cancor",0,"read","",""
"stats","case.names",0,"read","",""
"stats","ccf",0,"read","",""
"stats","chisq.test",0,"read","",""
"stats","cmdscale",0,"read","",""
"stats","coef",0,"read","",""
"stats","coefficients",0,"read","",""
"stats","complete.cases",0,"read","",""
"stats","confint",0,"read","",""
"stats","contr.SAS",0,"read","",""
"stats","contr.helmert",0,"read","",""
"stats","contr.poly",0,"read","",""
"stats","contr.sum",0,"read","",""
"stats","contr.treatment",0,"read","",""
"stats","contrasts",0,"read","",""
"stats","convolve",0,"read","",""
"stats","cooks.distance",0,"read","",""
"stats","cophenetic",0,"read","",""
"stats","cor",0,"read","",""
"stats","cor.test",0,"read","",""
"stats","cov",0,"read","",""
"stats","cov.wt",0,"read","",""
"stats","cov2cor",0,"read","",""
"stats","covratio",0,"read","",""
"stats","cutree",0,"read","",""
"stats","cycle",0,"read","",""
"stats","dbeta",0,"read","",""
"stats","dbinom",0,"read","",""
"stats","dcauchy",0,"read","",""
"stats","dchisq",0,"read","",""
"stats","decompose",0,"read","",""
"stats","delete.response",0,"read","",""
"stats","deltat",0,"read","",""
"stats","density",0,"read","",""
"stats","deviance",0,"read","",""
"stats","dexp",0,"read","",""
"stats","df",0,"read","",""
"stats","df.residual",0,"read","",""
"stats","dfbeta",0,"read","",""
"stats","dfbetas",0,"read","",""
"stats","dffits",0,"read","",""
"stats","dgamma",0,"read","",""
"stats","dgeom",0,"read","",""
"stats","dhyper",0,"read","",""
"stats","diffinv",0,"read","",""
"stats","dist",0,"read","",""
"stats","dlnorm",0,"read","",""
"stats","dlogis",0,"read","",""
"stats","dmultinom",0,"read","",""
"stats","dnbinom",0,"read","",""
"stats","dnorm",0,"read","",""
"stats","dpois",0,"read","",""
"stats","drop1",0,"read","",""
"stats","dsignrank",0,"read","",""
"stats","dt",0,"read","",""
"stats","dunif",0,"read","",""
"stats","dweibull",0,"read","",""
"stats","dwilcox",0,"read","",""
"stats","ecdf",0,"read","",""
"stats","effects",0,"read","",""
"stats","embed",0,"read","",""
"stats","end",0,"read","",""
"stats","extractAIC",0,"read","",""
"stats","family",0,"read","",""
"stats","fft",0,"read","",""
"stats","filter",0,"read","",""
"stats","fisher.test",0,"read","",""
"stats","fitted",0,"read","",""
"stats","fitted.values",0,"read","",""
"stats","fivenum",0,"read","",""
"stats","fligner.test",0,"read","",""
"stats","formula",0,"read","",""
"stats","frequency",0,"read","",""
"stats","friedman.test",0,"read","",""
"stats","ftable",0,"read","",""
"stats","gaussian",0,"read","",""
"stats","getCall",0,"read","",""
"stats","get_all_vars",0,"read","",""
"stats","glm",0,"read","",""
"stats","glm.control",0,"read","",""
"stats","glm.fit",0,"read","",""
"stats","hat",0,"read","",""
"stats","hatvalues",0,"read","",""
"stats","hclust",0,"read","",""
"stats","influence",0,"read","",""
"stats","influence.measures",0,"read","",""
"stats","kmeans",0,"read","",""
"stats","knots",0,"read","",""
"stats","kruskal.test",0,"read","",""
"stats","ks.test",0,"read","",""
"stats","lag",0,"read","",""
"stats","lm",0,"read","",""
"stats","lm.fit",0,"read","",""
"stats","lm.influence",0,"read","",""
"stats","loadings",0,"read","",""
"stats","loess",0,"read","",""
"stats","logLik",0,"read","",""
"stats","lowess",0,"read","",""
"stats","lsfit",0,"read","",""
"stats","mad",0,"read","",""
"stats","mahalanobis",0,"read","",""
"stats","manova",0,"read","",""
"stats","mantelhaen.test",0,"read","",""
"stats","mcnemar.test",0,"read","",""
"stats","median",0,"read","",""
"stats","model.extract",0,"read","",""
"stats","model.frame",0,"read","",""
"stats","model.matrix",0,"read","",""
"stats","model.offset",0,"read","",""
"stats","model.response",0,"read","",""
"stats","model.weights",0,"read","",""
"stats","mood.test",0,"read","",""
"stats","mvfft",0,"read","",""
"stats","na.action",0,"read","",""
"stats","na.exclude",0,"read","",""
"stats","na.fail",0,"read","",""
"stats","na.omit",0,"read","",""
"stats","na.pass",0,"read","",""
"stats","nls",0,"read","",""
"stats","nobs",0,"read","",""
"stats","offset",0,"read","",""
"stats","oneway.test",0,"read","",""
"stats","optim",0,"read","",""
"stats","optimise",0,"read","",""
"stats","optimize",0,"read","",""
"stats","p.adjust",0,"read","",""
"stats","pacf",0,"read","",""
"stats","pairwise.prop.test",0,"read","",""
"stats","pairwise.t.test",0,"read","",""
"stats","pairwise.wilcox.test",0,"read","",""
"stats","pbeta",0,"read","",""
"stats","pbinom",0,"read","",""
"stats","pcauchy",0,"read","",""
"stats","pchisq",0,"read","",""
"stats","pexp",0,"read","",""
"stats","pf",0,"read","",""
"stats","pgamma",0,"read","",""
"stats","pgeom",0,"read","",""
"stats","phyper",0,"read","",""
"stats","plnorm",0,"read","",""
"stats","plogis",0,"read","",""
"stats","pnbinom",0,"read","",""
"stats","pnorm",0,"read","",""
"stats","poisson",0,"read","",""
"stats","poisson.test",0,"read","",""
"stats","poly",0,"read","",""
"stats","polym",0,"read","",""
"stats","power.prop.test",0,"read","",""
"stats","power.t.test",0,"read","",""
"stats","ppoints",0,"read","",""
"stats","ppois",0,"read","",""
"stats","prcomp",0,"read","",""
"stats","predict",0,"read","",""
"stats","princomp",0,"read","",""
"stats","printCoefmat",0,"read","",""
"stats","promax",0,"read","",""
"stats","prop.test",0,"read","",""
"stats","psignrank",0,"read","",""
"stats","pt",0,"read","",""
"stats","ptukey",0,"read","",""
"stats","punif",0,"read","",""
"stats","pweibull",0,"read","",""
"stats","pwilcox",0,"read","",""
"stats","qbeta",0,"read","",""
"stats","qbinom",0,"read","",""
"stats","qcauchy",0,"read","",""
"stats","qchisq",0,"read","",""
"stats","qexp",0,"read","",""
"stats","qf",0,"read","",""
"stats","qgamma",0,"read","",""
"stats","qgeom",0,"read","",""
"stats","qhyper",0,"read","",""
"stats","qlnorm",0,"read","",""
"stats","qlogis",0,"read","",""
"stats","qnbinom",0,"read","",""
"stats","qnorm",0,"read","",""
"stats","qpois",0,"read","",""
"stats","qqline",0,"read","",""
"stats","qqnorm",0,"read","",""
"stats","qqplot",0,"read","",""
"stats","qsignrank",0,"read","",""
"stats","qt",0,"read","",""
"stats","qtukey",0,"read","",""
"stats","quade.test",0,"read","",""
"stats","quantile",0,"read","",""
"stats","quasibinomial",0,"read","",""
"stats","quasipoisson",0,"read","",""
"stats","qunif",0,"read","",""
"stats","qweibull",0,"read","",""
"stats","qwilcox",0,"read","",""
"stats","rbeta",0,"read","",""
"stats","rbinom",0,"read","",""
"stats","rcauchy",0,"read","",""
"stats","rchisq",0,"read","",""
"stats","reformulate",0,"read","",""
"stats","relevel",0,"read","",""
"stats","reorder",0,"read","",""
"stats","reshape",0,"read","",""
"stats","resid",0,"read","",""
"stats","residuals",0,"read","",""
"stats","rexp",0,"read","",""
"stats","rf",0,"read","",""
"stats","rgamma",0,"read","",""
"stats","rgeom",0,"read","",""
"stats","rhyper",0,"read","",""
"stats","rlnorm",0,"read","",""
"stats","rlogis",0,"read","",""
"stats","rmultinom",0,"read","",""
"stats","rnbinom",0,"read","",""
"stats","rnorm",0,"read","",""
"stats","rpois",0,"read","",""
"stats","rsignrank",0,"read","",""
"stats","rstandard",0,"read","",""
"stats","rstudent",0,"read","",""
"stats","rt",0,"read","",""
"stats","runif",0,"read","",""
"stats","runmed",0,"read","",""
"stats","rweibull",0,"read","",""
"stats","rwilcox",0,"read","",""
"stats","scatter.smooth",0,"read","",""
"stats","screeplot",0,"read","",""
"stats","sd",0,"read","",""
"stats","setNames",0,"read","",""
"stats","shapiro.test",0,"read","",""
"stats","sigma",0,"read","",""
"stats","smooth",0,"read","",""
"stats","smooth.spline",0,"read","",""
"stats","spectrum",0,"read","",""
"stats","spline",0,"read","",""
"stats","splinefun",0,"read","",""
"stats","start",0,"read","",""
"stats","step",0,"read","",""
"stats","stl",0,"read","",""
"stats","symnum",0,"read","",""
"stats","t.test",0,"read","",""
"stats","terms",0,"read","",""
"stats","time",0,"read","",""
"stats","toeplitz",0,"read","",""
"stats","ts",0,"read","",""
"stats","ts.plot",0,"read","",""
"stats","tsp",0,"read","",""
"stats","uniroot",0,"read","",""
"stats","update",0,"read","",""
"stats","var",0,"read","",""
"stats","var.test",0,"read","",""
"stats","variable.names",0,"read","",""
"stats","varimax",0,"read","",""
"stats","vcov",0,"read","",""
"stats","weighted.mean",0,"read","",""
"stats","weights",0,"read","",""
"stats","wilcox.test",0,"read","",""
"stats","window",0,"read","",""
"stats","xtabs",0,"read","",""
"stringr","boundary",0,"read","",""
"stringr","coll",0,"read","",""
"stringr","fixed",0,"read","",""
"stringr","regex",0,"read","",""
"stringr","str_c",0,"read","",""
"stringr","str_count",0,"read","",""
"stringr","str_detect",0,"read","",""
"stringr","str_dup",0,"read","",""
"stringr","str_ends",0,"read","",""
"stringr","str_extract",0,"read","",""
"stringr","str_extract_all",0,"read","",""
"stringr","str_flatten",0,"read","",""
"stringr","str_glue",0,"read","",""
"stringr","str_length",0,"read","",""
"stringr","str_locate",0,"read","",""
"stringr","str_match",0,"read","",""
"stringr","str_order",0,"read","",""
"stringr","str_pad",0,"read","",""
"stringr","str_remove",0,"read","",""
"stringr","str_remove_all",0,"read","",""
"stringr","str_replace",0,"read","",""
"stringr","str_replace_all",0,"read","",""
"stringr","str_sort",0,"read","",""
"stringr","str_split",0,"read","",""
"stringr","str_squish",0,"read","",""
"stringr","str_starts",0,"read","",""
"stringr","str_sub",0,"read","",""
"stringr","str_subset",0,"read","",""
"stringr","str_to_lower",0,"read","",""
"stringr","str_to_title",0,"read","",""
"stringr","str_to_upper",0,"read","",""
"stringr","str_trim",0,"read","",""
"stringr","str_trunc",0,"read","",""
"stringr","str_which",0,"read","",""
"stringr","str_wrap",0,"read","",""
"targets","*",2,"file_write","","risky package"
"targets","tar_delete",3,"file_delete","",""
"targets","tar_destroy",3,"file_delete","",""
"targets","tar_glimpse",0,"read","",""
"targets","tar_load",0,"read","",""
"targets","tar_make",3,"process","",""
"targets","tar_make_clustermq",3,"process","",""
"targets","tar_make_future",3,"process","",""
"targets","tar_manifest",0,"read","",""
"targets","tar_meta",0,"read","",""
"targets","tar_network",0,"read","",""
"targets","tar_option_get",0,"read","",""
"targets","tar_outdated",0,"read","",""
"targets","tar_progress",0,"read","",""
"targets","tar_prune",3,"file_delete","",""
"targets","tar_read",0,"read","",""
"targets","tar_target",0,"read","",""
"targets","tar_visnetwork",0,"read","",""
"tibble","add_column",0,"read","",""
"tibble","add_row",0,"read","",""
"tibble","as_tibble",0,"read","",""
"tibble","column_to_rownames",0,"read","",""
"tibble","deframe",0,"read","",""
"tibble","enframe",0,"read","",""
"tibble","glimpse",0,"read","",""
"tibble","has_name",0,"read","",""
"tibble","rownames_to_column",0,"read","",""
"tibble","tibble",0,"read","",""
"tibble","tribble",0,"read","",""
"tidyr","chop",0,"read","",""
"tidyr","complete",0,"read","",""
"tidyr","crossing",0,"read","",""
"tidyr","drop_na",0,"read","",""
"tidyr","expand",0,"read","",""
"tidyr","expand_grid",0,"read","",""
"tidyr","fill",0,"read","",""
"tidyr","gather",0,"read","",""
"tidyr","hoist",0,"read","",""
"tidyr","nest",0,"read","",""
"tidyr","pivot_longer",0,"read","",""
"tidyr","pivot_wider",0,"read","",""
"tidyr","replace_na",0,"read","",""
"tidyr","separate",0,"read","",""
"tidyr","separate_longer_delim",0,"read","",""
"tidyr","separate_wider_delim",0,"read","",""
"tidyr","spread",0,"read","",""
"tidyr","unchop",0,"read","",""
"tidyr","uncount",0,"read","",""
"tidyr","unite",0,"read","",""
"tidyr","unnest",0,"read","",""
"tidyr","unnest_longer",0,"read","",""
"tidyr","unnest_wider",0,"read","",""
"tidyselect","all_of",0,"read","",""
"tidyselect","any_of",0,"read","",""
"tidyselect","contains",0,"read","",""
"tidyselect","ends_with",0,"read","",""
"tidyselect","everything",0,"read","",""
"tidyselect","last_col",0,"read","",""
"tidyselect","matches",0,"read","",""
"tidyselect","num_range",0,"read","",""
"tidyselect","starts_with",0,"read","",""
"tidyselect","where",0,"read","",""
"tools","R_user_dir",0,"read","",""
"tools","Rd2txt",0,"read","",""
"tools","file_ext",0,"read","",""
"tools","file_path_as_absolute",0,"read","",""
"tools","file_path_sans_ext",0,"read","",""
"tools","md5sum",0,"read","",""
"tools","package_dependencies",0,"read","",""
"tools","pskill",4,"critical","","may kill the R session"
"tools","showNonASCII",0,"read","",""
"tools","toTitleCase",0,"read","",""
"usethis","*",2,"file_write","","risky package"
"utils","?",0,"read","",""
"utils","Rprof",2,"file_write","filename",""
"utils","URLdecode",0,"read","",""
"utils","URLencode",0,"read","",""
"utils","adist",0,"read","",""
"utils","apropos",0,"read","",""
"utils","aregexec",0,"read","",""
"utils","argsAnywhere",0,"read","",""
"utils","askYesNo",3,"interactive","",""
"utils","assignInMyNamespace",3,"object_write","",""
"utils","assignInNamespace",4,"control","","rewrites package code"
"utils","bibentry",0,"read","",""
"utils","browseURL",2,"process","",""
"utils","capture.output",2,"file_write","file",""
"utils","charClass",0,"read","",""
"utils","citation",0,"read","",""
"utils","combn",0,"read","",""
"utils","compareVersion",0,"read","",""
"utils","count.fields",0,"read","file",""
"utils","data",1,"object_write","","loads data sets into the environment"
"utils","demo",3,"dynamic","",""
"utils","download.file",2,"network","destfile",""
"utils","download.packages",2,"network","destdir",""
"utils","edit",3,"interactive","",""
"utils","example",3,"dynamic","",""
"utils","file.edit",3,"interactive","",""
"utils","file_test",0,"read","",""
"utils","find",0,"read","",""
"utils","fix",3,"interactive","",""
"utils","fixInNamespace",3,"object_write","",""
"utils","flush.console",0,"read","",""
"utils","formatOL",0,"read","",""
"utils","formatUL",0,"read","",""
"utils","getAnywhere",0,"read","",""
"utils","getFromNamespace",3,"dynamic","",""
"utils","getParseData",0,"read","",""
"utils","getS3method",0,"read","",""
"utils","glob2rx",0,"read","",""
"utils","globalVariables",0,"read","",""
"utils","hasName",0,"read","",""
"utils","head",0,"read","",""
"utils","help",0,"read","",""
"utils","help.search",0,"read","",""
"utils","install.packages",3,"install","",""
"utils","installed.packages",0,"read","",""
"utils","isS3method",0,"read","",""
"utils","isS3stdGeneric",0,"read","",""
"utils","loadhistory",1,"session","",""
"utils","localeToCharset",0,"read","",""
"utils","ls.str",0,"read","",""
"utils","lsf.str",0,"read","",""
"utils","maintainer",0,"read","",""
"utils","menu",3,"interactive","",""
"utils","methods",0,"read","",""
"utils","modifyList",0,"read","",""
"utils","object.size",0,"read","",""
"utils","packageDate",0,"read","",""
"utils","packageDescription",0,"read","",""
"utils","packageName",0,"read","",""
"utils","packageVersion",0,"read","",""
"utils","person",0,"read","",""
"utils","read.csv",0,"read","file",""
"utils","read.csv2",0,"read","file",""
"utils","read.delim",0,"read","file",""
"utils","read.delim2",0,"read","file",""
"utils","read.fwf",0,"read","file",""
"utils","read.table",0,"read","file",""
"utils","relist",0,"read","",""
"utils","remove.packages",3,"install","",""
"utils","savehistory",2,"file_write","file",""
"utils","select.list",3,"interactive","",""
"utils","sessionInfo",0,"read","",""
"utils","setTxtProgressBar",0,"read","",""
"utils","stack",0,"read","",""
"utils","str",0,"read","",""
"utils","strcapture",0,"read","",""
"utils","tail",0,"read","",""
"utils","tar",2,"file_write","tarfile",""
"utils","toBibtex",0,"read","",""
"utils","toLatex",0,"read","",""
"utils","txtProgressBar",0,"read","",""
"utils","type.convert",0,"read","",""
"utils","unstack",0,"read","",""
"utils","untar",2,"file_write","exdir",""
"utils","unzip",2,"file_write","exdir",""
"utils","update.packages",3,"install","",""
"utils","write.csv",2,"file_write","file",""
"utils","write.csv2",2,"file_write","file",""
"utils","write.table",2,"file_write","file",""
"utils","zip",2,"file_write","zipfile",""
"vroom","vroom_write",2,"file_write","file",""
"writexl","write_xlsx",2,"file_write","path",""
"yaml","as.yaml",0,"read","",""
"yaml","read_yaml",0,"read","file",""
"yaml","write_yaml",2,"file_write","file",""
"yaml","yaml.load",0,"read","",""
"yaml","yaml.load_file",0,"read","input",""
