"command","subcommand","level","category","note"
"[","*",0,"read",""
"ag","*",0,"read",""
"apt","add",3,"install",""
"apt","ci",3,"install",""
"apt","get",3,"install",""
"apt","i",3,"install",""
"apt","install",3,"install",""
"apt","remove",3,"install",""
"apt","sync",3,"install",""
"apt","uninstall",3,"install",""
"apt","update",3,"install",""
"apt","upgrade",3,"install",""
"apt-get","add",3,"install",""
"apt-get","ci",3,"install",""
"apt-get","get",3,"install",""
"apt-get","i",3,"install",""
"apt-get","install",3,"install",""
"apt-get","remove",3,"install",""
"apt-get","sync",3,"install",""
"apt-get","uninstall",3,"install",""
"apt-get","update",3,"install",""
"apt-get","upgrade",3,"install",""
"attrib","*",2,"file_write","-R raises it to 3"
"awk","*",0,"read",""
"basename","*",0,"read",""
"bash","*",3,"process","interpreter: -c/-e are dynamic; --version is read"
"brew","add",3,"install",""
"brew","ci",3,"install",""
"brew","get",3,"install",""
"brew","i",3,"install",""
"brew","install",3,"install",""
"brew","remove",3,"install",""
"brew","sync",3,"install",""
"brew","uninstall",3,"install",""
"brew","update",3,"install",""
"brew","upgrade",3,"install",""
"bun","*",3,"process","interpreter: -c/-e are dynamic; --version is read"
"cargo","add",3,"install",""
"cargo","ci",3,"install",""
"cargo","get",3,"install",""
"cargo","i",3,"install",""
"cargo","install",3,"install",""
"cargo","remove",3,"install",""
"cargo","sync",3,"install",""
"cargo","uninstall",3,"install",""
"cargo","update",3,"install",""
"cargo","upgrade",3,"install",""
"cat","*",0,"read",""
"cd","*",0,"read",""
"chgrp","*",2,"file_write","-R raises it to 3"
"chmod","*",2,"file_write","-R raises it to 3"
"choco","add",3,"install",""
"choco","ci",3,"install",""
"choco","get",3,"install",""
"choco","i",3,"install",""
"choco","install",3,"install",""
"choco","remove",3,"install",""
"choco","sync",3,"install",""
"choco","uninstall",3,"install",""
"choco","update",3,"install",""
"choco","upgrade",3,"install",""
"chown","*",2,"file_write","-R raises it to 3"
"cmake","*",3,"process","build: --version/--help/-n/--dry-run is read"
"cmd","*",3,"process","interpreter: -c/-e are dynamic; --version is read"
"cmp","*",0,"read",""
"column","*",0,"read",""
"comm","*",0,"read",""
"conda","add",3,"install",""
"conda","ci",3,"install",""
"conda","get",3,"install",""
"conda","i",3,"install",""
"conda","install",3,"install",""
"conda","remove",3,"install",""
"conda","sync",3,"install",""
"conda","uninstall",3,"install",""
"conda","update",3,"install",""
"conda","upgrade",3,"install",""
"copy","*",2,"file_write","the target path class decides"
"copy-item","*",2,"file_write","the target path class decides"
"cp","*",2,"file_write","the target path class decides"
"crontab","*",3,"process",""
"curl","*",2,"network","downloads; data-sending flags raise it to 3"
"cut","*",0,"read",""
"dash","*",3,"process","interpreter: -c/-e are dynamic; --version is read"
"date","*",0,"read",""
"dd","*",2,"file_write","of= raises it to 4"
"del","*",3,"file_delete","critical targets raise it to 4"
"deno","*",3,"process","interpreter: -c/-e are dynamic; --version is read"
"df","*",0,"read",""
"diff","*",0,"read",""
"dir","*",0,"read",""
"dirname","*",0,"read",""
"diskpart","*",4,"critical",""
"diskutil","*",4,"critical",""
"dnf","add",3,"install",""
"dnf","ci",3,"install",""
"dnf","get",3,"install",""
"dnf","i",3,"install",""
"dnf","install",3,"install",""
"dnf","remove",3,"install",""
"dnf","sync",3,"install",""
"dnf","uninstall",3,"install",""
"dnf","update",3,"install",""
"dnf","upgrade",3,"install",""
"docker","*",3,"process","build: --version/--help/-n/--dry-run is read"
"du","*",0,"read",""
"echo","*",0,"read",""
"egrep","*",0,"read",""
"env","*",2,"secret","prints environment values"
"erase","*",3,"file_delete","critical targets raise it to 4"
"export","*",2,"secret","prints environment values"
"false","*",0,"read",""
"fd","*",0,"read",""
"fdisk","*",4,"critical",""
"fgrep","*",0,"read",""
"file","*",0,"read",""
"find","*",0,"read",""
"fish","*",3,"process","interpreter: -c/-e are dynamic; --version is read"
"fold","*",0,"read",""
"format","*",4,"critical",""
"ftp","*",3,"network",""
"gawk","*",0,"read",""
"gem","add",3,"install",""
"gem","ci",3,"install",""
"gem","get",3,"install",""
"gem","i",3,"install",""
"gem","install",3,"install",""
"gem","remove",3,"install",""
"gem","sync",3,"install",""
"gem","uninstall",3,"install",""
"gem","update",3,"install",""
"gem","upgrade",3,"install",""
"get-childitem","*",0,"read",""
"get-content","*",0,"read",""
"get-item","*",0,"read",""
"get-location","*",0,"read",""
"git","*",2,"file_write","other subcommands write the repository"
"git","blame",0,"read",""
"git","branch",0,"read",""
"git","cat-file",0,"read",""
"git","clean",3,"file_delete",""
"git","clone",2,"network",""
"git","config",0,"read",""
"git","count-objects",0,"read",""
"git","describe",0,"read",""
"git","diff",0,"read",""
"git","fetch",2,"network",""
"git","filter-branch",3,"file_write",""
"git","for-each-ref",0,"read",""
"git","gc",3,"file_write",""
"git","grep",0,"read",""
"git","help",0,"read",""
"git","log",0,"read",""
"git","ls-files",0,"read",""
"git","ls-remote",2,"network",""
"git","ls-tree",0,"read",""
"git","prune",3,"file_delete",""
"git","pull",2,"network",""
"git","push",3,"network","sends commits"
"git","reflog",0,"read",""
"git","remote",0,"read",""
"git","rev-parse",0,"read",""
"git","shortlog",0,"read",""
"git","show",0,"read",""
"git","stash",0,"read",""
"git","status",0,"read",""
"git","submodule",2,"network",""
"git","tag",0,"read",""
"git","update-ref",3,"file_write",""
"git","version",0,"read",""
"git","whatchanged",0,"read",""
"go","add",3,"install",""
"go","ci",3,"install",""
"go","get",3,"install",""
"go","i",3,"install",""
"go","install",3,"install",""
"go","remove",3,"install",""
"go","sync",3,"install",""
"go","uninstall",3,"install",""
"go","update",3,"install",""
"go","upgrade",3,"install",""
"gradle","*",3,"process","build: --version/--help/-n/--dry-run is read"
"grep","*",0,"read",""
"halt","*",4,"critical",""
"head","*",0,"read",""
"hostname","*",0,"read",""
"http","*",2,"network","downloads; data-sending flags raise it to 3"
"https","*",2,"network","downloads; data-sending flags raise it to 3"
"icacls","*",2,"file_write","-R raises it to 3"
"id","*",0,"read",""
"invoke-webrequest","*",2,"network","downloads; data-sending flags raise it to 3"
"iwr","*",2,"network","downloads; data-sending flags raise it to 3"
"jq","*",0,"read",""
"julia","*",3,"process","interpreter: -c/-e are dynamic; --version is read"
"just","*",3,"process","build: --version/--help/-n/--dry-run is read"
"kill","*",3,"process",""
"killall","*",3,"process",""
"kubectl","*",3,"process","build: --version/--help/-n/--dry-run is read"
"latexmk","*",3,"process","build: --version/--help/-n/--dry-run is read"
"launchctl","*",3,"process",""
"less","*",0,"read",""
"ln","*",2,"file_write","the target path class decides"
"ls","*",0,"read",""
"lua","*",3,"process","interpreter: -c/-e are dynamic; --version is read"
"make","*",3,"process","build: --version/--help/-n/--dry-run is read"
"mamba","add",3,"install",""
"mamba","ci",3,"install",""
"mamba","get",3,"install",""
"mamba","i",3,"install",""
"mamba","install",3,"install",""
"mamba","remove",3,"install",""
"mamba","sync",3,"install",""
"mamba","uninstall",3,"install",""
"mamba","update",3,"install",""
"mamba","upgrade",3,"install",""
"md5","*",0,"read",""
"md5sum","*",0,"read",""
"measure-object","*",0,"read",""
"mkdir","*",1,"file_write","the target path class decides"
"mkfs","*",4,"critical",""
"more","*",0,"read",""
"move","*",2,"file_write","the target path class decides"
"move-item","*",2,"file_write","the target path class decides"
"mv","*",2,"file_write","the target path class decides"
"mvn","*",3,"process","build: --version/--help/-n/--dry-run is read"
"nc","*",3,"network",""
"new-item","*",2,"file_write","the target path class decides"
"ninja","*",3,"process","build: --version/--help/-n/--dry-run is read"
"nl","*",0,"read",""
"node","*",3,"process","interpreter: -c/-e are dynamic; --version is read"
"npm","add",3,"install",""
"npm","ci",3,"install",""
"npm","get",3,"install",""
"npm","i",3,"install",""
"npm","install",3,"install",""
"npm","remove",3,"install",""
"npm","sync",3,"install",""
"npm","uninstall",3,"install",""
"npm","update",3,"install",""
"npm","upgrade",3,"install",""
"nproc","*",0,"read",""
"npx","*",3,"process","build: --version/--help/-n/--dry-run is read"
"od","*",0,"read",""
"osascript","*",3,"process","interpreter: -c/-e are dynamic; --version is read"
"pak","add",3,"install",""
"pak","ci",3,"install",""
"pak","get",3,"install",""
"pak","i",3,"install",""
"pak","install",3,"install",""
"pak","remove",3,"install",""
"pak","sync",3,"install",""
"pak","uninstall",3,"install",""
"pak","update",3,"install",""
"pak","upgrade",3,"install",""
"pandoc","*",3,"process","build: --version/--help/-n/--dry-run is read"
"paste","*",0,"read",""
"pdflatex","*",3,"process","build: --version/--help/-n/--dry-run is read"
"perl","*",3,"process","interpreter: -c/-e are dynamic; --version is read"
"php","*",3,"process","interpreter: -c/-e are dynamic; --version is read"
"pip","add",3,"install",""
"pip","ci",3,"install",""
"pip","get",3,"install",""
"pip","i",3,"install",""
"pip","install",3,"install",""
"pip","remove",3,"install",""
"pip","sync",3,"install",""
"pip","uninstall",3,"install",""
"pip","update",3,"install",""
"pip","upgrade",3,"install",""
"pip3","add",3,"install",""
"pip3","ci",3,"install",""
"pip3","get",3,"install",""
"pip3","i",3,"install",""
"pip3","install",3,"install",""
"pip3","remove",3,"install",""
"pip3","sync",3,"install",""
"pip3","uninstall",3,"install",""
"pip3","update",3,"install",""
"pip3","upgrade",3,"install",""
"pkill","*",3,"process",""
"pnpm","add",3,"install",""
"pnpm","ci",3,"install",""
"pnpm","get",3,"install",""
"pnpm","i",3,"install",""
"pnpm","install",3,"install",""
"pnpm","remove",3,"install",""
"pnpm","sync",3,"install",""
"pnpm","uninstall",3,"install",""
"pnpm","update",3,"install",""
"pnpm","upgrade",3,"install",""
"podman","*",3,"process","build: --version/--help/-n/--dry-run is read"
"popd","*",0,"read",""
"port","add",3,"install",""
"port","ci",3,"install",""
"port","get",3,"install",""
"port","i",3,"install",""
"port","install",3,"install",""
"port","remove",3,"install",""
"port","sync",3,"install",""
"port","uninstall",3,"install",""
"port","update",3,"install",""
"port","upgrade",3,"install",""
"poweroff","*",4,"critical",""
"powershell","*",3,"process","interpreter: -c/-e are dynamic; --version is read"
"printenv","*",2,"secret","prints environment values"
"printf","*",0,"read",""
"ps","*",0,"read",""
"pushd","*",0,"read",""
"pwd","*",0,"read",""
"pwsh","*",3,"process","interpreter: -c/-e are dynamic; --version is read"
"py","*",3,"process","interpreter: -c/-e are dynamic; --version is read"
"pytest","*",3,"process","build: --version/--help/-n/--dry-run is read"
"python","*",3,"process","interpreter: -c/-e are dynamic; --version is read"
"python3","*",3,"process","interpreter: -c/-e are dynamic; --version is read"
"quarto","*",3,"process","build: --version/--help/-n/--dry-run is read"
"quarto","publish",3,"network",""
"r","*",3,"process","interpreter: -c/-e are dynamic; --version is read"
"rd","*",3,"file_delete","critical targets raise it to 4"
"readlink","*",0,"read",""
"realpath","*",0,"read",""
"reboot","*",4,"critical",""
"reg","*",3,"process",""
"remove-item","*",3,"file_delete","critical targets raise it to 4"
"rg","*",0,"read",""
"rm","*",3,"file_delete","critical targets raise it to 4"
"rmdir","*",3,"file_delete","critical targets raise it to 4"
"rscript","*",3,"process","interpreter: -c/-e are dynamic; --version is read"
"rsync","*",3,"network",""
"ruby","*",3,"process","interpreter: -c/-e are dynamic; --version is read"
"schtasks","*",3,"process",""
"scoop","add",3,"install",""
"scoop","ci",3,"install",""
"scoop","get",3,"install",""
"scoop","i",3,"install",""
"scoop","install",3,"install",""
"scoop","remove",3,"install",""
"scoop","sync",3,"install",""
"scoop","uninstall",3,"install",""
"scoop","update",3,"install",""
"scoop","upgrade",3,"install",""
"scp","*",3,"network",""
"sed","*",0,"read",""
"select-string","*",0,"read",""
"seq","*",0,"read",""
"service","*",3,"process",""
"set","*",2,"secret","prints environment values"
"setx","*",3,"process",""
"sftp","*",3,"network",""
"sh","*",3,"process","interpreter: -c/-e are dynamic; --version is read"
"sha1sum","*",0,"read",""
"sha256sum","*",0,"read",""
"shasum","*",0,"read",""
"shutdown","*",4,"critical",""
"sleep","*",0,"read",""
"sort","*",0,"read",""
"ssh","*",3,"network",""
"stat","*",0,"read",""
"stop-process","*",3,"process",""
"strings","*",0,"read",""
"systemctl","*",3,"process",""
"tail","*",0,"read",""
"taskkill","*",3,"process",""
"tee","*",0,"read",""
"telnet","*",3,"network",""
"terraform","*",3,"process","build: --version/--help/-n/--dry-run is read"
"test","*",0,"read",""
"tlmgr","add",3,"install",""
"tlmgr","ci",3,"install",""
"tlmgr","get",3,"install",""
"tlmgr","i",3,"install",""
"tlmgr","install",3,"install",""
"tlmgr","remove",3,"install",""
"tlmgr","sync",3,"install",""
"tlmgr","uninstall",3,"install",""
"tlmgr","update",3,"install",""
"tlmgr","upgrade",3,"install",""
"touch","*",2,"file_write","the target path class decides"
"tox","*",3,"process","build: --version/--help/-n/--dry-run is read"
"tr","*",0,"read",""
"tree","*",0,"read",""
"true","*",0,"read",""
"type","*",0,"read",""
"uname","*",0,"read",""
"uniq","*",0,"read",""
"unlink","*",3,"file_delete","critical targets raise it to 4"
"uv","add",3,"install",""
"uv","ci",3,"install",""
"uv","get",3,"install",""
"uv","i",3,"install",""
"uv","install",3,"install",""
"uv","remove",3,"install",""
"uv","sync",3,"install",""
"uv","uninstall",3,"install",""
"uv","update",3,"install",""
"uv","upgrade",3,"install",""
"wc","*",0,"read",""
"wget","*",2,"network","downloads; data-sending flags raise it to 3"
"where","*",0,"read",""
"which","*",0,"read",""
"whoami","*",0,"read",""
"winget","add",3,"install",""
"winget","ci",3,"install",""
"winget","get",3,"install",""
"winget","i",3,"install",""
"winget","install",3,"install",""
"winget","remove",3,"install",""
"winget","sync",3,"install",""
"winget","uninstall",3,"install",""
"winget","update",3,"install",""
"winget","upgrade",3,"install",""
"xelatex","*",3,"process","build: --version/--help/-n/--dry-run is read"
"xxd","*",0,"read",""
"yarn","add",3,"install",""
"yarn","ci",3,"install",""
"yarn","get",3,"install",""
"yarn","i",3,"install",""
"yarn","install",3,"install",""
"yarn","remove",3,"install",""
"yarn","sync",3,"install",""
"yarn","uninstall",3,"install",""
"yarn","update",3,"install",""
"yarn","upgrade",3,"install",""
"yq","*",0,"read",""
"yum","add",3,"install",""
"yum","ci",3,"install",""
"yum","get",3,"install",""
"yum","i",3,"install",""
"yum","install",3,"install",""
"yum","remove",3,"install",""
"yum","sync",3,"install",""
"yum","uninstall",3,"install",""
"yum","update",3,"install",""
"yum","upgrade",3,"install",""
"zsh","*",3,"process","interpreter: -c/-e are dynamic; --version is read"
